season,total_revenue,avg_daily_revenue,n_transactions,n_customers,avg_basket_size
Fall,3679363.9320000005,20.8623297951963,176364,2695,10.560993173209953
Spring,2366801.011,20.63344879562712,114707,2036,10.952644563976044
Summer,2644452.3510000003,19.80329162922358,133536,2188,10.364328720345076
Winter,1951493.51,19.462192558167366,100271,1828,10.66594528826879
